AC102受け入れ検査実施リスト（メカ類）,,,,,,,,,,,,,,,,,,
※SCMより渡される検査票と下記品質基準書を用意し作業をする。,,,,,,,,,,,,,,,,,,
2024品質基準書（AC102）A25-3000-0,,,,2024品質基準書(P13)P13-3000-0,,,,,,,,,,,,,,
受け入れ検査数量は基本は外観全数、別途指示がある場合はその数量とする。,,,,,,,,,,,,,,,,,,
入荷日,検査完了日,発注番号,品番,品名,サプライヤ,入荷数量,不良数量,検査内容,検査資料,作業者,検査数量,検査工数(分),人工,検査場所,検査治具,検査結果・備考,品質基準書修正要否と箇所,
45538,45544,,EX000904,保護パッド,（株）五輪パッキング,120,,外観,検査基準書 適用型式AC102,西村,20なみ検,5,,本社１階,無し,良,,
45538,45544,,EX000918,隙間テープ,（株）五輪パッキング,350,,外観,検査基準書 適用型式AC102,西村,20なみ検,5,,本社１階,無し,良,,
45538,45544,,EX002544-01,FPV 防滴シート,（株）五輪パッキング,70,,外観,検査基準書 適用型式AC102,西村,20なみ検,5,,本社１階,無し,良,,
45538,45544,,EX002565-01,コネクタスポンジ,（株）五輪パッキング,130,,外観,検査基準書 適用型式AC102,西村,20なみ検,5,,本社１階,無し,良,,
45538,45544,,EX002789-01,Cushion,（株）五輪パッキング,110,,外観,検査基準書 適用型式AC102,西村,20なみ検,5,,本社１階,無し,良,,
45554,45559,,EX000794,Battery mount LH,金森産業（株）,100,,外観,検査基準書 適用型式AC102,西村,全数,20,,本社１階,無し,良,,
45554,45559,,EX000795,Battery mount RH,金森産業（株）,100,,外観,検査基準書 適用型式AC102,西村,全数,20,,本社１階,無し,良,,
45554,45559,,EX000749,スライドポスト,金森産業（株）,100,,外観,検査基準書 適用型式AC102,西村,全数,20,,本社１階,無し,良,,
45554,45559,,EX000768,LED cover,金森産業（株）,100,,外観,検査基準書 適用型式AC102,西村,全数,15,,本社１階,無し,良,,
45554,45559,,EX000779,Ball valve mount,金森産業（株）,100,,外観,検査基準書 適用型式AC102,西村,全数,15,,本社１階,無し,良,,
45554,45559,,EX000647,タンクキャップ(AC101),金森産業（株）,100,,外観,検査基準書 適用型式AC101P13,西村,全数,30,,本社１階,無し,良　ピン跡に黒ずみ（不問）,,
45554,45559,,EX000747,Slide Rail,金森産業（株）,100,,外観,検査基準書 適用型式AC102,西村,全数,20,,本社１階,無し,良,,
45554,45559,,EX000837,タンクキャップ(穴追加工),金森産業（株）,100,,外観,検査基準書 適用型式AC102,西村,全数,30,,本社１階,無し,良　ピン跡に黒ずみ（不問）,,
45555,45560,,EX000649,キャップ用パッキン,（株）テクノアソシエ,100,,外観,検査基準書 適用型式AC102,西村,全数,15,,本社１階,無し,良,,
45555,45560,,EX000769,LED cover seal,（株）テクノアソシエ,100,,外観,検査基準書 適用型式AC102,西村,全数,10,,本社１階,無し,良,,
45555,45560,,EX000812,コンディションLED両面テープ,（株）テクノアソシエ,180,,外観,検査基準書 適用型式AC102,西村,全数,5,,本社１階,無し,良,,
45560,45568,,EX000825,Nozzle mount,金森産業（株）,250,,外観,検査基準書 適用型式AC102,西村,全数,25,,本社１階,無し,良,,
45560,45568,,EX002846-01,ジョイントホルダ,金森産業（株）,300,,外観,検査基準書 適用型式AC102,西村,全数,20,,本社１階,無し,良　バリとパッキン面が同じ所にある,,
45560,45569,,EX002040-02,吐出口キャップ,金森産業（株）,300,,外観,検査基準書 適用型式AC102,西村,全数,20,,本社１階,無し,良,,
45560,45568,,EX000933-02,シャッターギア s2s-40A-2,金森産業（株）,200,,外観,検査基準書 適用型式AC101P13,西村,全数,30,,本社１階,無し,良　押し出しに黒済み　(不問),,
45560,45569,,EX000930,ハウジング unit housing 3-3(2),金森産業（株）,200,,外観,検査基準書 適用型式AC101P13,西村,全数,70,,本社１階,無し,良　インサート周辺にマステの断片あり(除去),,
45560,45569,,EX000934-02,吐出口　discharge port 1-3(1),金森産業（株）,110,1,外観,検査基準書 適用型式AC101P13,西村,全数,45,,本社１階,無し,１不良　インサート逆入れあり、代品入庫済,,
45560,45569,,EX000939,インペラ 1(1),金森産業（株）,150,,外観,検査基準書 適用型式AC101P13,西村,全数,25,,本社１階,無し,良,,
45560,45568,,EX000940,可動板 induction plate 7-2,金森産業（株）,320,,外観,検査基準書 適用型式AC101P13,西村,全数,35,,本社１階,M4ネジ,良　インサートに被りあり(除去),,
45560,45568,,EX000931,駆動ギアホーン s2s 40A-1-2,金森産業（株）,200,,外観,検査基準書 適用型式AC101P13,西村,全数,20,,本社１階,無し,良　切りくずあり(除去),,
45569,45569,,EX000937-03,撹拌棒/mixing arm,金森産業（株）,390,,外観,検査基準書 適用型式AC101P13,西村,全数,15,,本社１階,無し,良,,
45572,45575,,EX000750,Slide mount,（株）栗原精機,400,,外観・寸法,検査基準書 適用型式AC102,西村,外観全数寸法なみ検20,25,,本社１階,ノギス,良アルマイト品、内周なので計測注意,,
45572,45574,,EX000777,boom mount,（株）栗原精機,200,,外観・寸法,検査基準書 適用型式AC102,西村,外観全数寸法なみ検20,20,,本社１階,M3ネジ,良ネジ穴キツめの所あり深さ8ミリ以上,,
45572,45574,,EX000796,center beam,（株）栗原精機,220,,外観・寸法,検査基準書 適用型式AC102,西村,外観全数寸法なみ検20,25,,本社１階,ノギス/M3ネジ,良,,
45572,45575,,EX000803,TF mini plus holder,（株）栗原精機,130,,外観・寸法,検査基準書 適用型式AC102,西村,外観全数寸法なみ検20,15,,本社１階,M3ネジ,良,,
45572,45575,,EX000817,フランジカラー φ8.5 φ3.1　,（株）栗原精機,1400,,外観・寸法,検査基準書 適用型式AC102,西村,外観全数寸法なみ検80,45,,本社１階,ノギス,良外径6.23～6.26のため基準書確認,,
45573,45576,,EX000747,Slide Rail,金森産業（株）,100,,外観,検査基準書 適用型式AC102,角田,外観全数,60,,本社１階,無し,良１点保留（レール面キズ、バリ処理のえぐれ）,,
45573,45576,,EX000749,スライドポスト,金森産業（株）,1200,,外観,検査基準書 適用型式AC102,角田,外観全数,50,,本社１階,無し,良,,
45573,45576,,EX000768,LED cover,金森産業（株）,300,,外観,検査基準書 適用型式AC102,角田,外観全数,60,,本社１階,無し,良,,
45573,45576,,EX000779,Ball valve mount　,金森産業（株）,200,,外観,検査基準書 適用型式AC102,角田,外観全数,60,,本社１階,無し,良,,
45573,45576,,EX000647,タンクキャップ(AC101)　,金森産業（株）,100,,外観,検査基準書 適用型式AC101P13,角田,外観全数,40,,本社１階,無し,良,,
45573,45576,,EX000837,タンクキャップ(穴追加工)　,金森産業（株）,40,,外観,検査基準書 適用型式AC102,角田,外観全数,20,,本社１階,無し,良,,
45573,45580,,EX002851-01,センサマウントA　100pcs(初回分),金森産業（株）,100,,外観,検査基準書 適用型式AC102,西村,外観全数,25,,本社１階,無し,良,,
45573,45580,,EX002852-01,センサマウントB　100pcs(初回分),金森産業（株）,100,,外観,検査基準書 適用型式AC102,西村,外観全数,25,,本社１階,無し,良,,
45576,45582,,EX000743-05,Arm fixed holder,北村化学,1200,,外観・寸法,検査基準書 適用型式AC102,西村角田,総検査数量なみ検査20,180,2,地階,ノギス,良,,
45576,45580,,EX002890-01,FCマウントクッション,（株）五輪パッキング,1200,,外観,検査基準書 適用型式AC102,西村,外観全数,10,,本社１階,無し,良,,
45581,45580,,EX000938,unit housing_1_5,金森産業（株）,230,,外観,検査基準書 適用型式AC101P13,角田,外観全数,60,,本社１階,無し,良（ネジ穴部の成型不具合は手直し済）,,
45581,45580,,EX000936,motor cover3,金森産業（株）,230,,外観,検査基準書 適用型式AC101P13,角田,外観全数,60,,本社１階,無し,良,,
45581,45583,,EX000935,カバー_cover_4(2),金森産業（株）,330,,外観,検査基準書 適用型式AC101P13,西村,外観全数,25,,本社１階,無し,良,,
45589,45594,,EX002842-01,GPS mount (AC102),深沢製作所,280,,外観,検査基準書 適用型式AC102,西村,外観全数寸法なみ検20,45,,本社１階,ノギス,良,,
45589,45593,,EX000941-11,誘導板 induction plate 6(1),深沢製作所,350,,外観,検査基準書 適用型式AC101P13,西村,外観全数,25,,本社１階,無し,良,,
45594,45594,,EX000937-03,撹拌棒/mixing arm,,300,,外観,検査基準書 適用型式AC101P13,西村,外観全数,40,,本社１階,無し,良,,
,45596,,EX000895,粒剤タンク 13.5L,FAモールディング,150,,外観,検査基準書 適用型式AC101P13,西村西浦,外観全数,80,2,中宗岡倉庫,使用せず,780ｇまではOＫとしたい。穴確認の為４人６０分穴合わせ作業,,
,45596,,EX000762-04,Liquid　Tank　9L,FAモールディング,50,1,外観,検査基準書 適用型式AC102,西村西浦,外観全数,180,2,中宗岡倉庫,アルミ板フィルター,黒点多し1点、990gは相談,,
45596,45601,,EX002547-11,FC Upper Case,北村化学/サンリード,300,,外観・寸法,検査基準書 適用型式AC102,西村,外観全数寸法なみ検20,45,,本社１階,ノギス,良,,
45596,45601,,EX002548-12,FC Lower Case,北村化学/サンリード,300,,外観・寸法,検査基準書 適用型式AC102,西村,外観全数寸法なみ検20,45,,本社１階,ノギス,良,,
45596,45601,,EX002545-11,FC Carrier Upper Case,北村化学/サンリード,300,,外観・寸法,検査基準書 適用型式AC102,西村,外観全数寸法なみ検20,45,,本社１階,ノギス,良,,
45596,45601,,EX002546-11,FC Carrier Lower Case,北村化学/サンリード,300,,外観・寸法,検査基準書 適用型式AC102,西村,外観全数寸法なみ検20,45,,本社１階,ノギス,良,,
45600,45604,,EX000973-02,吐出工キャップ用パッキン,（株）五輪パッキング,300,,外観・寸法,検査基準書 適用型式AC102,角田,外観全数寸法なみ検20,30,,本社１階,ノギス,良　内外径について形状が柔らかい物はどう計測する,,
45610,45610,,EX002561-07,Mecha tray,北村化学/サンリード,300,,外観・寸法,検査基準書 適用型式AC102,西村長野将,外観全数寸法なみ検20,60,2,中宗岡倉庫,ノギス,良　ノギスでの寸法計測に難しさがある,,
45610,45610,,EX002878-01,サーボホルダ(AC20),北村化学/サンリード,300,,外観・寸法,検査基準書 適用型式AC102,角田,外観全数寸法なみ検20,120,,本社１階,ノギス,良　気持ちインサート面に反りがあるように見える,,
45610,45611,,EX002037-16,Arm holder nut,北村化学/サンリード,1200,,外観のみに変更,検査基準書 適用型式AC102,角田,,240,,地階,無し,良　員数確認作業と併行したため時間は長い,,
45608,45614,,EX000807-21,Condition LED base,北村化学/サンリード,300,,外観・寸法,検査基準書 適用型式AC102,西村,外観全数寸法なみ検20,45,,本社１階,ノギス,良　ノギスで測ると設計値とずれます,,
45608,45614,,EX002559-11,コネクタロックA,北村化学/サンリード,300,,外観・寸法,検査基準書 適用型式AC102,西村,外観全数寸法なみ検20,50,,本社１階,ノギス,良　ノギスで測ると設計値とずれます,,
45608,45614,,EX002560-12,コネクタロックB,北村化学/サンリード,300,,外観・寸法,検査基準書 適用型式AC102,西村,外観全数寸法なみ検20,40,,本社１階,ノギス,良　ノギスで測ると設計値とずれます,,
45614,45615,,EX002847-02,FPV Unit cover (AC102),北村化学/サンリード,300,,外観・寸法,検査基準書 適用型式AC102,角田,外観全数寸法なみ検20,60,,本社１階,ノギス,良　ノギスで測ると設計値とずれます,,
45614,45615,,EX002848-02,FPV Holder (AC102),北村化学/サンリード,300,,外観・寸法,検査基準書 適用型式AC102,西村,外観全数寸法なみ検20,40,,本社１階,ノギス,良　ノギスでの計測は設計値と異なる,,
45608,45611,,EX000762-04,Liquid　Tank　9L,FAモールディング,209,13,外観,検査基準書 適用型式AC102,西村西浦,全数,240,2,中宗岡倉庫,平板、フィルター,不良多し、インサート抜け、吐出口削りすぎ,,
45601,45618,,EX001999-31,AC102カウル 前後シール付き 補強あり,緑川化成工業（株）,120,,外観,検査基準書 適用型式AC102,西村西浦,全数,190,2,群馬通商,テーブル、指金,シール位置不良の為再入荷検査,,
45623,45646,,EX002049-02,FA28.2*9.2　L,T-motor,70,,外観,基準書、限度見本別にあり,角田,外観全数,120,,本社１階,ルーペ、見本,良　基準内,,
45623,45616,,EX002050-02,FA28.2*9.2　R　,T-motor,70,,外観,基準書、限度見本別にあり,角田,外観全数,120,,本社１階,ルーペ、見本,キズ等メーカーに確認要,,
45630,45635,,EX002893-01,AC102 取扱説明書,ブレーンテック,300,,落丁乱丁,無し,西村,N-5,20,,本社１階,目視,かすれのため再入荷、良,,
45636,45637,,EX002050-02,FA28.2*9.2　R　,T-motor,100,2,外観,基準書、限度見本別にあり,角田,外観全数,120,,２階,ルーペ、見本,キズ等メーカーに確認要,,
45636,45637,,EX002049-02,FA28.2*9.2　L,T-motor,100,,外観,基準書、限度見本別にあり,角田,外観全数,120,,２階,ルーペ、見本,良　基準内,,
45643,45644,,EX000918,隙間テープ,（株）五輪パッキング,400,,外観,検査基準書 適用型式AC102,西村,20なみ検,20,,本社１階,目視,カット不良、浮き、第四剥がれは無しOK,,
45664,45673,,EX001999-31,AC102 カウル前後シール付き,緑川化成工業（株）,115,4,外観,検査基準書 適用型式AC102,西村・西浦,全数,180,2,群馬通商,指金・定規,シール内にゴミ４枚、後ろのシール右上がり傾向、シール張り直し対応済,,
45674,45677,,EX002050-02,FA28.2*9.2　R　,T-motor,100,,外観,基準書、限度見本別にあり,角田,外観全数,120,1,本社１階,目視,バフキズ、表面模様ムラ、キズ、凹みあり。準体裁面,,
45674,45677,,EX002049-02,FA28.2*9.2　L,T-motor,100,,外観,基準書、限度見本別にあり,角田,外観全数,120,1,本社１階,目視,バフキズ、表面模様ムラ、キズ、凹みあり。準体裁面,,
45684,45686,,EX002050-02,FA28.2*9.2　R　,T-motor,100,1,外観,基準書、限度見本別にあり,角田,外観全数,100,1,本社１階,目視,補修跡目立つ,,
45684,45686,,EX002049-02,FA28.2*9.2　L,T-motor,100,1,外観,基準書、限度見本別にあり,角田,外観全数,100,1,本社１階,目視,補修跡目立つ,,
45694,45694,,EX002772-01,TC-150PEN5-20 カットサイズ20mm×20mm×1.5t (低比重低硬度放熱シリコーンパッド),（株）五輪パッキング,266,,,0,,,,,,,,,
45694,45694,,EX002601-01,FC放熱シート,（株）五輪パッキング,400,,,,,,,,,,,,
45694,,,EX000904,保護パッド,（株）五輪パッキング,130,,,,,,,,,,,,
45694,,,EX000918,隙間テープ,（株）五輪パッキング,400,,,,,,,,,,,,
45694,,,EX002544-01,FPV 防滴シート,（株）五輪パッキング,180,,,,,,,,,,,,
45694,,,EX002565-01,コネクタスポンジ,（株）五輪パッキング,120,,,,,,,,,,,,
45694,,,EX002789-01,Cushion,（株）五輪パッキング,140,,,,,,,,,,,,
45694,,,EX002790-01,TR-5912F　8mm×8mm,（株）五輪パッキング,250,,,,,,,,,,,,
45694,,,EX002799-01,シャッターギアガスケット,（株）五輪パッキング,230,,,,,,,,,,,,
45705,45707,,EX000941-11,誘導板,（株）深沢製作所,110,,外観,検査基準書 適用型式AC101P13,西村,外観全数,15,1,本社1階,目視,バリ、反り、歪み　小傷は工程上やむなしの為不問,,
45714,45719,,EX000747,Slide Rail,金森産業（株）,300,2,外観,検査基準書 適用型式AC102,西村,外観全数,50,1,本社1階,目視,2点レール端面にキズあり、製造中による？,,
45714,45719,,EX000749,スライドポスト,金森産業（株）,620,,外観,検査基準書 適用型式AC102,西村,外観全数,70,1,本社1階,目視,,,
45714,45719,,EX000768,LED cover,金森産業（株）,600,,外観,検査基準書 適用型式AC102,西村,外観全数,20,1,本社1階,目視,,,
45714,45719,,EX000779,Ball valve mount,金森産業（株）,200,,外観,検査基準書 適用型式AC102,西村,外観全数,25,1,本社1階,目視,,,
45714,45719,,EX000794,Battery mount LH,金森産業（株）,150,,外観,検査基準書 適用型式AC102,西村,外観全数,20,1,本社1階,目視,,,
45714,45719,,EX000795,Battery mount RH,金森産業（株）,150,,外観,検査基準書 適用型式AC102,西村,外観全数,20,1,本社1階,目視,,,
45714,45719,,EX000825,	Nozzle mount,金森産業（株）,250,,外観,検査基準書 適用型式AC102,西村,外観全数,25,1,本社1階,目視,インサート有り、注意,,
45714,45719,,EX000837,タンクキャップ(穴追加工),金森産業（株）,110,,外観,検査基準書 適用型式AC102,西村,外観全数,20,1,本社1階,目視,,,
45722,45726,,EX000935,カバー_cover_4(2),金森産業（株）,70,,外観,検査基準書 適用型式AC101P13,西村,外観全数,20,1,本社1階,目視,インサート有り、注意　体裁面のキズ注意,,
45727,45729,,EX000935,カバー_cover_4(2),金森産業（株）,230,,外観,検査基準書 適用型式AC101P13,西村　西浦,外観全数,70,1,本社1階,目視,インサート有り、注意　体裁面のキズ注意,,
45729,45729,,EX000937-03,撹拌棒/mixing arm,金森産業（株）,70,,外観,検査基準書 適用型式AC101P13,西村,外観全数,10,1,本社1階,目視,,,
45729,45729,,EX000937-03,撹拌棒/mixing arm,金森産業（株）,230,,外観,検査基準書 適用型式AC101P13,西村,外観全数,20,1,本社1階,目視,,,
45730,45730,,EX000762-04,Liquid　Tank　9L,FAモールディング,120,4,外観,検査基準書 適用型式AC102,西村・西浦,外観全数,180,2,中宗岡倉庫,ライト、ゲージ、ポスト、キャップ,樹脂のバリ、インサートなどチェック。不具合は交換依頼,,
45751,45754,,EX000936,モーターカバー 3,金森産業（株）,100,,外観,検査基準書 適用型式AC101P13,西村,外観全数,,,本社1階,,,,
45751,45754,,EX000938,unit housing 1 5,金森産業（株）,100,,外観,検査基準書 適用型式AC101P13,西村,外観全数,,,本社1階,,,,
45757,45764,,EX000930,ハウジング,金森産業（株）,130,,外観,検査基準書 適用型式AC101P13,西村・西浦,外観全数,↓,,本社1階,,,,
45757,45764,,EX000934-02_,吐出口,金森産業（株）,220,,外観,検査基準書 適用型式AC101P13,西村・西浦,外観全数,↓,,本社1階,,,,
45757,45764,,NX180227-1,タンクキャップ,金森産業（株）,130,,外観,検査基準書 適用型式AC101P13,西村・西浦,外観全数,↓,,本社1階,,,,
45757,45764,,EX000940,可動板      ,金森産業（株）,240,,外観,検査基準書 適用型式AC101P13,西村・西浦,外観全数,80,,本社1階,,,,
45757,45764,,EX000939,インペラ,金森産業（株）,180,,外観,検査基準書 適用型式AC101P13,西村・西浦,外観全数,↑,,本社1階,,,,
45757,45764,,EX000933-02,シャッターギヤ,金森産業（株）,130,,外観,検査基準書 適用型式AC101P13,西村・西浦,外観全数,↑,,本社1階,,,,
45757,45764,,EX000931,駆動ギヤホーン,金森産業（株）,130,,外観,検査基準書 適用型式AC101P13,西村・西浦,外観全数,↑,,本社1階,,,,
45763,45763,,EX000762-04,Liquid　Tank　9L,FAモールディング,38,,外観,検査基準書 適用型式AC102,西村・西浦,外観全数,120,2,中宗岡倉庫,ライト、ゲージ、ポスト、キャップ、,,,
45763,45777,,EX000895,粒剤タンク 13.5L,FAモールディング,80?,3,外観,検査基準書 適用型式AC101P13,西村・西浦,外観全数,180,2,中宗岡倉庫,ライト、ゲージ、ポスト、キャップ、,インサート抜け、カットライン不良,,
45757,45771,,EX002050-02,FA28.2*9.2　R　,T-motor,100,,外観,基準書、限度見本別にあり,西村,外観全数,120,1,本社1階,,,,
45757,45771,,EX002049-02,FA28.2*9.2　L,T-motor,100,,外観,基準書、限度見本別にあり,西村,,120,1,本社1階,,,,
45775,45777,,EX002573-03,粒剤制御版ケーブルカバー付き,ユニット産業,100,,外観,無し,西浦・西村,外観全数,30,2,本社1階,,基板取付はまだ,,
45786,45789,,EX002545-11,FC Carrier Upper Case,北村化学/サンリード,200,,外観寸法,検査基準書 適用型式AC102,西村,外観全数抜き取り２０,30,1,本社1階,,ノギスでの計測の誤差あり。,,
45786,45789,,EX002546-11,FC Carrier Lower Case,北村化学/サンリード,200,,外観寸法,検査基準書 適用型式AC102,西村,外観全数抜き取り２０,30,1,本社1階,,ノギスでの計測の誤差あり。,,
45786,45789,,EX002547-11,FC Upper Case,北村化学/サンリード,200,,外観寸法,検査基準書 適用型式AC102,西村,外観全数抜き取り２０,50,1,本社1階,,ノギスでの計測の誤差あり。,,
45786,45789,,EX002548-12,FC Lower Case,北村化学/サンリード,200,,外観寸法,検査基準書 適用型式AC102,西村,外観全数抜き取り２０,50,1,本社1階,,ノギスでの計測の誤差あり。,,
45817,45817,,EX000895,粒剤タンク 13.5L,FAモールディング,103,,外観寸法,検査基準書 適用型式AC102,西浦・石原・西村,全数,180,3,中宗岡倉庫,,FA様と打ち合わせ予定,,粒剤治具でタンクに収まるか確認、プランジャー穴はΦ6.5に拡張、ユニットとの勘合及び整形、基準はプランジャーを押し込まずともタンクに嵌ることことが必須条件。
45814,45820,,EX002050-02,FA28.2*9.2　R　,T-motor,100,2,外観,ポータルのサービス開発購買海外に検査技術要件あり,,,120,1,本社1階,ペーパータオルパーツクリーナー,汚れが多い,非体裁面のキズは体裁面より寛容に,
45814,45821,,EX002049-02,FA28.2*9.2　L,T-motor,100,1,外観,ポータルのサービス開発購買海外に検査技術要件あり,,,120,1,本社1階,ペーパータオルパーツクリーナー,汚れが多い,非体裁面のキズは体裁面より寛容に,
45847,45849,,EX002842-01,GPS mount (AC102),深沢製作所,100,,外観,2024品質基準書,,,35,1,本社1階,,1個づつの個包装,,
45860,45863,,EX002050-02,FA28.2*9.2　R　,T-motor,100,14,外観,基準書、限度見本別にあり,西村、長野、石川,,200,3,本社1階,,汚れ、曇りキズ多し,毎回不具合箇所が異なるため、都度判断依頼となっています,
45860,45863,,EX002049-02,FA28.2*9.2　L,T-motor,100,14,外観,基準書、限度見本別にあり,西村、長野、石川,,200,3,本社1階,,汚れ、曇りキズ多し,毎回不具合箇所が異なるため、都度判断依頼となっています,
45873,45874,,EX000941-11,誘導板 induction plate 6(1),深沢製作所,420,,外観,検査基準書 適用型式AC101P13,西村・西浦,外観全数,90,1,本社1階,,,今回より包装が紙となっている（前回までは袋）,
45875,45881,,EX000779,Ball valve mount,金森産業（株）,400,,外観,検査基準書 適用型式AC102,西村,外観全数,50,1,本社1階,,,,
45875,保留,,EX000837,タンクキャップ(穴追加工),金森産業（株）,200,保留,,,,,,,,,検査不能のため保留,,
45875,45881,,EX002040-02,吐出口キャップ,金森産業（株）,200,,外観,検査基準書 適用型式AC102,西村,外観全数,50,1,本社1階,,樹脂の中に小さい黒点あり（機能部品なので見た目は不問にしたい）,,
45875,45877,,EX002846-01,ジョイントホルダ,金森産業（株）,200,,外観,検査基準書 適用型式AC102,西村,外観全数,30,1,本社1階,,バリの程度が気になる（許容範囲が不明なため、老衰の原因にならないかどうか）,,
45875,45887,,EX000749,スライドポスト,金森産業（株）,1600,,外観　寸法,検査基準書 適用型式AC102,西村,外観全数,100,1,本社3階,,,作業中1/520個中1個にネジ穴部にバリあり。過去の検査では不良ト判断しているものは見当たらず,
45875,45881,,EX000933-02,シャッターギア s2s-40A-2,金森産業（株）,110,,外観,検査基準書 適用型式AC101P13,西村,外観全数,40,1,本社1階,,歪みは項目に入れるか？実際は歪み無し,,
45877,45884,,EX002847-02,FPV Unit cover (AC102),北村化学/サンリード,100,,外観　寸法,検査基準書 適用型式AC102,西村,外観全数,20,1,本社1階,ノギス,,ノギスで計測する位置により誤差が大きいと思います,
45877,45884,,EX002848-02,FPV Holder (AC102),北村化学/サンリード,100,,外観　寸法,検査基準書 適用型式AC102,西村,外観全数,20,1,本社1階,ノギス,,ノギスで計測する位置により誤差が大きいと思います,
45877,45881,,EX002561-07,Mecha tray,北村化学/サンリード,100,,外観　寸法,検査基準書 適用型式AC102,西村,外観全数,40,1,本社1階,,若干離型剤？付着有り（非体裁面のため見逃し）,寸法は測れない（大きいので）,
45877,45884,,EX002545-11,FC Carrier Upper Case,北村化学/サンリード,20,,外観　寸法,検査基準書 適用型式AC102,西村,外観全数,20,1,本社1階,ノギス,,ノギスで計測する位置により誤差が大きいと思います,
45877,45884,,EX002546-11,FC Carrier Lower Case,北村化学/サンリード,20,,外観　寸法,検査基準書 適用型式AC102,西村,外観全数,20,1,本社1階,ノギス,,ノギスで計測する位置により誤差が大きいと思います,
45877,45884,,EX002547-11,FC Upper Case,北村化学/サンリード,20,,外観　寸法,検査基準書 適用型式AC102,西村,外観全数,20,1,本社1階,ノギス,,ノギスで計測する位置により誤差が大きいと思います,
45877,45884,,EX002548-12,FC Lower Case,北村化学/サンリード,20,,外観　寸法,検査基準書 適用型式AC102,西村,外観全数,20,1,本社1階,ノギス,,ノギスで計測する位置により誤差が大きいと思います,
45882,保留,,EX000647,タンクキャップ(AC101),金森産業（株）,100,,,検査基準書 適用型式AC102,,,,,,,,良否判断のための治具が必要,
45882,45895,,EX000768,LED cover,金森産業（株）,800,,外観　寸法,検査基準書 適用型式AC102,西村,外観全数,40,1,本社1階,,,,
45882,45895,,EX000794,Battery mount LH,金森産業（株）,200,,外観　寸法,検査基準書 適用型式AC102,西村,外観全数,30,1,本社1階,,,,
45882,45895,,EX000795,Battery mount RH,金森産業（株）,200,,外観　寸法,検査基準書 適用型式AC102,西村,外観全数,30,1,本社1階,,,,
45882,45895,,EX000825,Nozzle mount,金森産業（株）,400,,外観　寸法,検査基準書 適用型式AC102,西村,外観全数,35,1,本社1階,,,,
45882,45895,,EX000747,Slide Rail,金森産業（株）,400,,外観　寸法,検査基準書 適用型式AC102,西村,外観全数,40,1,本社1階,,,,
45882,45895,,EX000937-03,撹拌棒/mixing arm,金森産業（株）,200,,外観　寸法,検査基準書 適用型式AC102,西村,外観全数,20,1,本社1階,,,,
45888,45904,,EX002545-11,FC Carrier Upper Case,北村化学/サンリード,530,,外観　寸法,検査基準書 適用型式AC102,西村,外観全数,70,1,本社1階,ノギス,測定誤差により（計測しづらい）寸法超えあり,ノギスで計測する位置により誤差が大きいと思います,
45888,45904,,EX002546-11,FC Carrier Lower Case,北村化学/サンリード,530,,外観　寸法,検査基準書 適用型式AC102,西村,外観全数,70,1,本社1階,ノギス,測定誤差により（計測しづらい）寸法超えあり,ノギスで計測する位置により誤差が大きいと思います,
45888,45904,,EX002547-11,FC Upper Case,北村化学/サンリード,530,,外観　寸法,検査基準書 適用型式AC102,西村,外観全数,70,1,本社1階,ノギス,測定誤差により（計測しづらい）寸法超えあり,ノギスで計測する位置により誤差が大きいと思います,
45888,45904,,EX002548-12,FC Lower Case,北村化学/サンリード,530,,外観　寸法,検査基準書 適用型式AC102,西村,外観全数,70,1,本社1階,ノギス,測定誤差により（計測しづらい）寸法超えあり,ノギスで計測する位置により誤差が大きいと思います,
45895,45904,,EX002050-02,FA28.2*9.2　R　,T-motor,100（68）,,外観,基準書、限度見本別にあり,西村・長野将,外観全数,40,1,本社1階,,25枚除外（汚れ？）,,
45895,45904,,EX002049-02,FA28.2*9.2　L,T-motor,100(72）,,外観,基準書、限度見本別にあり,西村・長野将,外観全数,40,1,本社1階,,16枚除外（汚れ？）,,
,45903,,EX002842-01,GPS mount (AC102),深沢製作所,100,,外観　寸法,検査基準書 適用型式AC102,西村・長野将,外観全数,30,1,本社1階,ノギス,,,
45895,45905,,EX000747,Slide Rail,金森産業（株）,160,,外観,検査基準書 適用型式AC102,西村,外観全数,45,1,本社1階,,エッジ部にヤスリ跡、準体裁面として不問,,
45903,45917,,EX000940,可動板      ,金森産業（株）,320,,外観,検査基準書 適用型式AC101P13,西村,外観全数,,1,本社1階,,外観のみ、歪みは不検査,,
45903,45917,,EX000936,モーターカバー 3,金森産業（株）,110,,外観,検査基準書 適用型式AC101P13,西村,外観全数,,1,本社1階,,外観のみ、歪みは不検査,,
45909,45917,,EX000931,駆動ギヤホーン,金森産業（株）,110,,外観ネジ穴,検査基準書 適用型式AC101P13,西村,外観全数,,1,本社1階,,外観とサーボ固定側ネジ穴全数確認,,
45903,45917,,EX000938,unit housing 1 5,金森産業（株）,110,,外観,検査基準書 適用型式AC101P13,西村,外観全数,,1,本社1階,,,,
45903,45918,,EX000747,Slide Rail,金森産業（株）,160,,外観,検査基準書 適用型式AC102,,外観全数,,,,,,,
45903,,,EX000930,ハウジング unit housing 3-3(2),金森産業（株）,110,,外観,検査基準書 適用型式AC101P13,,外観全数,,,,,,,
45903,45917,,EX000939,インペラ 1(1),金森産業（株）,110,,外観,検査基準書 適用型式AC101P13,,外観全数,,,,,,,
45903,45918,,EX000934-02,吐出口　discharge port 1-3(1),金森産業（株）,110,,外観,検査基準書 適用型式AC101P13,,外観全数,,,,,,,
,,,EX002894-11,Lower Plate Cover,,328,,,,,,,,,,,,
45909,45922,,EX000807-21,Condition LED Base,北村化学/サンリード,200,,外観,検査基準書 適用型式AC102,,,,,,,,,
45909,45918,,EX002037-16,Arm holder nut,北村化学/サンリード,800,,外観,検査基準書 適用型式AC101P13,,,,,,,,,
45909,45919,,EX002549-12,サーボホルダ(AC20),北村化学/サンリード,200,,外観,検査基準書 適用型式AC101P13,,,,,,,,,
45909,45922,,EX002559-11,コネクタロックA,北村化学/サンリード,200,,外観,検査基準書 適用型式AC102,,,,,,,,,
45909,45922,,EX002560-12,コネクタロックB,北村化学/サンリード,200,,外観,検査基準書 適用型式AC102,,,,,,,,,
45918,45929,,EX000647-02,タンクキャップ(AC102),金森産業（株）,200,,外観　寸法,検査基準書 適用型式AC101P13,,外観全数,,,本社1階,ノギス,,,
45918,45929,,EX000837-02,タンクキャップ(穴追加工),金森産業（株）,200,,外観　寸法,検査基準書 適用型式AC102,,外観全数,,,本社1階,ノギス,,,
45919,45930,,EX002050-02,FA28.2*9.2　R　,T-motor,100,,外観,,西村、長野佳,外観全数,120,2,本社1階,,,,
45919,45930,,EX002049-02,FA28.2*9.2　L,T-motor,100,,外観,,西村、長野佳,外観全数,120,2,本社1階,,,,
45939,45946,,EX000935,カバー_cover_4(2),金森産業（株）,300,,外観,検査基準書 適用型式AC102,中井・西村,外観全数,45,2,本社1階,,インサートのサイズ、個数を基準書に入れてほしい,,
45946,45946,,EX002561-07,Mecha tray,北村化学/サンリード,110,,外観・寸法,検査基準書 適用型式AC102,中井・西村,外観インサート全数,40,2,本社1階,,外寸の計測誤差が大きいため、インサート、歪みに絞った受入検査,,
45951,45957,,EX002040,吐出口キャップ,金森産業（株）,300,,外観,検査基準書 適用型式AC102,長野佳,外観全数,180,1,本社1階,,,,
45951,45957,,EX000933-02,シャッターギアs2s-40A-2,金森産業（株）,240,3,外観,検査基準書 適用型式AC101P13,長野佳,外観全数,180,1,本社1階,,異物混入、成型時エア混入,,
？,45958,,EX001999-32,AC102カウル 前後シール付き 補強あり,,60,3,外観、寸法,検査基準書 適用型式AC102,西村・西浦,外観全数,120,2,中宗岡倉庫,スケール・照明,シールエア、後面シール傾き大、天面小傷,要修正後面シールの検査寸法を計測できる方法に修正,
2025-10-23,2025-11-14,,EX002050-02,FA28.2*9.2　R　,T-motor,200,,外観,,西浦長野将,外観全数,140,3,本社1階,,,キズの有無が検査の中心。表面の傷などの限度見本が地下にあり、良否判定が難しい部材の為、開発SCMに相談,
2025-10-23,2025-11-14,,EX002049-02,FA28.2*9.2　L,T-motor,200,,外観,,西浦長野将,外観全数,140,3,本社1階,,,キズの有無が検査の中心。表面の傷などの限度見本が地下にあり、良否判定が難しい部材の為、開発SCMに相談,
,2025-11-10,,EX000933-02,シャッターギア s2s-40A-2,金森産業株式会社,100,0,外観,検査基準書 適用型式AC101P13,西村,外観全数,20,1,本社1階,無し,,,
2025-11-05,2025-11-14,N25-01908,EX000647-02,タンクキャップ(AC102),金森産業株式会社,300,,外観,検査基準書 適用型式AC101P13,西村,外観全数,75,1,本社1階,,,,
2025-11-05,2025-11-14,N25-01908,EX000930,ハウジング unit housing 3-3(2),金森産業株式会社,130,,外観,検査基準書 適用型式AC101P13,西村,外観全数,60,1,本社1階,,,,
2025-11-10,2025-11-14,N25-01718,EX002561-07,MechaTray,北村化学産業㈱,110,,外観寸法,検査基準書 適用型式AC102,西村,外観全数,45,1,本社1階,基準書は寸法とあるが計測は無し,平板上で歪み、インサートは全数,,
2025-11-18,2025-11-19,N25-02017,EX000904,保護パッド,（株）五輪パッキング,330,,外観,検査基準書 適用型式AC102,西村,外観全数,10,1,本社1階,,メーカーの検査履歴表あり,検査表が今回より添付されているため添付の有る限りは、員数確認のみとします,
2025-11-18,2025-11-19,N25-02017,EX000918,隙間テープ,（株）五輪パッキング,1000,,外観,検査基準書 適用型式AC102,西村,外観全数,10,1,本社1階,,メーカーの検査履歴表あり,検査表が今回より添付されているため添付の有る限りは、員数確認のみとします,
2025-11-18,2025-11-19,N25-02017,EX002544-01,FPV 防滴シート,（株）五輪パッキング,330,,外観,検査基準書 適用型式AC102,西村,外観全数,10,1,本社1階,,メーカーの検査履歴表あり,検査表が今回より添付されているため添付の有る限りは、員数確認のみとします,
2025-11-18,2025-11-19,N25-02017,EX002565-01,コネクタスポンジ,（株）五輪パッキング,330,,外観,検査基準書 適用型式AC102,西村,外観全数,10,1,本社1階,,メーカーの検査履歴表あり,検査表が今回より添付されているため添付の有る限りは、員数確認のみとします,
2025-11-18,2025-11-19,N25-02017,EX002789-01,Cushion,（株）五輪パッキング,330,,外観,検査基準書 適用型式AC102,西村,外観全数,10,1,本社1階,,メーカーの検査履歴表あり,検査表が今回より添付されているため添付の有る限りは、員数確認のみとします,
2025-11-18,2025-11-19,N25-02017,EX000802-11,Heat dissipation sheet,（株）五輪パッキング,1400,,,無し,西村,,,1,本社1階,,メーカーの検査履歴表あり,検査表が今回より添付されているため添付の有る限りは、員数確認のみとします,
2025-11-18,2025-11-19,N25-02017,EX000973-02,吐出口キャップ用パッキン,（株）五輪パッキング,300,,外観寸法,検査基準書 適用型式AC102,西村,外観全数,10,1,本社1階,基準書は寸法とあるが計測は無し,メーカーの検査履歴表あり,検査表が今回より添付されているため添付の有る限りは、員数確認のみとします,
2025-11-18,2025-11-19,N25-02017,EX002890-01,FCマウントクッション,（株）五輪パッキング,330,,外観,検査基準書 適用型式AC102,西村,外観全数,10,1,本社1階,,メーカーの検査履歴表あり,検査表が今回より添付されているため添付の有る限りは、員数確認のみとします,
2025-11-17,2025-11-25,N25-01802,EX001999-33,AC102カウル前後ロゴシール付き,緑川化成工業㈱,300,,外観寸法,検査基準書 適用型式AC102,西浦　西村,抜取６２枚,190,2,中宗岡倉庫,シールの傾き,今回より試験的に抜き取り,検査治具要します。最初の２箱全数、問題なしと判断し以降全て２枚／１箱抜き取り,
2025-11-17,2025-11-17,,EX000941-11,誘導板 induction plate 6(1),深沢製作所,600,,外観寸法,検査基準書 適用型式AC101P13,,,,,,,,,検査箇所3か所あり、計測誤差が出やすい
2025-11-17,2025-11-17,,EX002842-01,GPS mount (AC102),深沢製作所,300,,外観,検査基準書 適用型式AC102,,,,,,,,,外観検査のみ
2025-11-17,2025-12-04,N25-02039,EX000941-11,誘導板,深沢製作所,600,0,外観,検査基準書 適用型式AC102,杉山,外観全数,90,1,本社1階,,,,
2025-11-18,,,EX000930,ハウジング unit housing 3-3(2),金森産業株式会社,110,,外観,検査基準書 適用型式AC102,,,,,,,,,インサートの抜けや不良に注意
2025-12-24,2025-12-26,N25-01237,EX000743-15,Arm fixed holder,北村化学産業㈱,190,0,,,杉山代筆(西浦さん）,,,,,,,設計確認中,成形会社の変更により枝番変更
2025-12-24,2025-12-26,N25-02326,EX000743-15,Arm fixed holder,北村化学産業㈱,230,0,,,杉山代筆,,,,,,,,
2025-11-28,2025-12-04,N25-01809,EX002550-03,Upper Plate(Ver2023),ANHUI ARTS&CRAFTS IMP&EXP CO.LTD,60,0,外観,検査基準書 適用型式AC102,杉山,全数,60,1,本社1階,,,,
2025-11-28,2025-12-02,N25-01809,EXA000027-11,Leg Assy,ANHUI ARTS&CRAFTS IMP&EXP CO.LTD,130,0,外観,検査基準書 適用型式AC102,杉山,全数,60,,本社地下１階,,,,
2025-11-28,2025-12-02,N25-01809,EXA000029-11,Boom Assy,ANHUI ARTS&CRAFTS IMP&EXP CO.LTD,110,0,外観寸法,検査基準書 適用型式AC102,杉山,全数,60,,本社地下１階,,,,
2025-11-28,2025-12-02,N25-01809,EXA000028-11,Skid Assy,ANHUI ARTS&CRAFTS IMP&EXP CO.LTD,120,0,外観寸法,検査基準書 適用型式AC102,杉山,全数,90,,本社地下１階,,,,
2025-12-01,2025-12-01,N25-01904,EX000895,粒剤タンク,有限会社エフ・エー・モールディング,33,1,外観寸法,設計区、西村さんと実施,杉山,全数,60,1,本社1階,,,,
2025-12-01,2025-12-01,N25-01904,EX000762-04,Liquid Tank 9L,有限会社エフ・エー・モールディング,70,0,外観寸法,検査基準書 適用型式AC102,杉山,全数,60,1,本社1階,,,,
2025-12-03,2025-12-05,N25-02262,EX000936,motor cover 3,金森産業株式会社,100,0,外観,検査基準書 適用型式AC102,杉山,全数,60,1,本社1階,,,,
2025-12-03,2025-12-05,N25-02262,EX000938,unit housing_1_5,金森産業株式会社,100,0,外観,検査基準書 適用型式AC102,杉山,全数,60,1,本社1階,,,,
2025-12-04,2025-12-04,N25-02375,EX002848-02,FPV Holder(AC102),北村化学産業㈱,400,0,外観,検査基準書 適用型式AC102,杉山,全数,400,1,本社1階,,設計指示より寸法検査は無し,,
2025-12-05,2025-12-05,N25-02375,EX002847-02,FPV Unit cover(AC102),北村化学産業㈱,50,0,員数,検査基準書 適用型式AC102,杉山,全数,50,1,本社1階,,初回納入は、全数寸法NG。メーカ側の温度管理の為マイナス寸法で出来上がり。作り直して再納入分となります。,,
2025-12-08,2025-12-25,,EX002561-07,Mecha Tray,北村化学産業㈱,110,0,,検査基準書 適用型式AC102,杉山,全数,60,1,本社1階,,,,
2025-12-11,2025-12-25,,EX002847-02,FPV Unit cover(AC102),北村化学産業㈱,350,0,,検査成績書有り,杉山,全数,60,1,本社1階,,,,
2025-12-15,2025-12-17,N25-01809,EX000746-03,Arm pipe Assy,ANHUI ARTS&CRAFTS IMP&EXP CO.LTD,256,0,外観,検査基準書 適用型式AC102,杉山,全数,60,1,本社1階,,,,
2025-12-15,2025-12-17,N25-01809,EX002550-03,Upper Plate(Ver2023),ANHUI ARTS&CRAFTS IMP&EXP CO.LTD,30,0,外観,検査基準書 適用型式AC102,杉山,全数,30,1,本社1階,,,,
2025-12-15,2025-12-22,N25-01809,EX002878-01,Lower Plate(AC102),ANHUI ARTS&CRAFTS IMP&EXP CO.LTD,30,0,外観,検査基準書 適用型式AC102,杉山,全数,30,1,本社1階,,,,
2025-12-15,2025-12-22,N25-01809,EXA000008-31,Battery lock  handle Assy,ANHUI ARTS&CRAFTS IMP&EXP CO.LTD,80,0,外観寸法,検査基準書 適用型式AC102,杉山,"外観全数,抜取り２０",120,1,本社1階,,,,
2025-12-26,2026-01-06,N25-01809,EX000746-03,Arm pipe Assy,ANHUI ARTS&CRAFTS IMP&EXP CO.LTD,128,0,外観寸法,検査基準書 適用型式AC102,杉山,"外観全数,抜取り２０",120,1,本社1階,,,,
2026-01-05,2026-01-05,N25-01809,EXA000028-11,Skid Assy,ANHUI ARTS&CRAFTS IMP&EXP CO.LTD,60,0,外観寸法,検査基準書 適用型式AC102,杉山,"外観全数,抜取り２０",60,1,本社1階,,,,
2026-01-05,2026-01-05,N25-01809,EXA000027-11,Leg Assy,ANHUI ARTS&CRAFTS IMP&EXP CO.LTD,130,0,外観寸法,検査基準書 適用型式AC102,杉山,"外観全数,抜取り２０",60,1,本社1階,,,,
2026-01-05,2026-01-05,N25-01809,EX002550-03,Upper Plate(Ver2023),ANHUI ARTS&CRAFTS IMP&EXP CO.LTD,90,0,外観,検査基準書 適用型式AC102,杉山,全数,60,1,本社1階,,,,
2026-01-05,2026-01-27,N25-01809,EX002550-03,Upper Plate(Ver2023),ANHUI ARTS&CRAFTS IMP&EXP CO.LTD,74,0,外観,検査基準書 適用型式AC102,杉山,全数,60,1,本社1階,,,,
2026-01-05,2026-01-06,N25-01809,EX002878-01,Lower Plate (AC102),ANHUI ARTS&CRAFTS IMP&EXP CO.LTD,90,0,外観,検査基準書 適用型式AC102,杉山,全数,60,1,本社1階,,,,
2026-01-05,2026-01-27,N25-01809,EX002878-01,Lower Plate (AC102),ANHUI ARTS&CRAFTS IMP&EXP CO.LTD,90,0,外観,検査基準書 適用型式AC102,杉山,全数,60,1,本社1階,,,,
2026-01-05,2026-01-05,N25-01809,EXA000029-11,Boom Assy,ANHUI ARTS&CRAFTS IMP&EXP CO.LTD,220,0,外観寸法,検査基準書 適用型式AC102,杉山,"外観全数,抜取り２０",120,,本社地下１階,,,,
2026-01-05,2026-01-13,N25-01809,EXA000029-11,Boom Assy,ANHUI ARTS&CRAFTS IMP&EXP CO.LTD,170,0,外観寸法,検査基準書 適用型式AC102,杉山,"外観全数,抜取り２０",120,,本社地下１階,,,,
2026-01-05,2026-01-13,N25-01809,EXA000027-11,Leg Assy,ANHUI ARTS&CRAFTS IMP&EXP CO.LTD,640,0,外観寸法,検査基準書 適用型式AC102,杉山,"外観全数,抜取り２０",150,,本社地下１階,,,,
2026-01-06,2026-01-06,N25-02542,EX002846-01,ジョイントホルダ,金森産業株式会社,300,0,外観,検査基準書 適用型式AC102,杉山,全数,60,1,本社1階,,,,
2026-01-06,2026-01-06,N25-02558,EX000940,可動板,金森産業株式会社,500,0,外観,検査基準書 適用型式AC102,杉山,全数,90,1,本社1階,,,,
2026-01-06,2026-01-07,N25-02558,EX000934-02,吐出口,金森産業株式会社,250,0,外観,検査基準書 適用型式AC102,杉山,全数,60,1,本社1階,,,,
2026-01-06,2026-01-08,N25-02558,EX000937-03,攪拌棒/mixing arm,金森産業株式会社,250,0,外観,検査基準書 適用型式AC102,杉山,全数,60,1,本社1階,,,,
2026-01-06,2026-01-08,N25-02558,EX000931,駆動ギアホーン,金森産業株式会社,250,0,外観,検査基準書 適用型式AC102,杉山,全数,60,1,本社1階,,,,
2026-01-06,2026-01-08,N25-02558,EX000825,Nozzle mount,金森産業株式会社,300,0,外観,検査基準書 適用型式AC102,杉山,全数,60,1,本社1階,,,,
2026-01-06,2026-01-08,N25-02558,EX000837-02,タンクキャップ（穴追加工）,金森産業株式会社,350,0,外観寸法,検査基準書 適用型式AC102,杉山,"外観全数,抜取り２０",120,1,本社1階,,,,
2026-01-06,2026-01-08,N25-02558,EX000794,Battery mount LH,金森産業株式会社,150,0,外観,検査基準書 適用型式AC102,杉山,全数,60,1,本社1階,,,,
2026-01-06,2026-01-08,N25-02558,EX000795,Battery mount RH,金森産業株式会社,150,0,外観,検査基準書 適用型式AC102,杉山,全数,60,1,本社1階,,,,
2026-01-06,2026-01-09,N25-02558,EX000939,インペラ,金森産業株式会社,350,0,外観,検査基準書 適用型式AC102,杉山,全数,60,1,本社1階,,,,
2026-01-06,2026-01-09,N25-02558,EX000779,Ball_vale_mount,金森産業株式会社,300,0,外観,検査基準書 適用型式AC102,杉山,全数,60,1,本社1階,,,,
2026-01-06,2026-01-09,N25-02558,EX000768,LED cover,金森産業株式会社,1400,0,外観,検査基準書 適用型式AC102,杉山,全数,90,1,本社1階,,,,
2026-01-14,2026-01-23,N25-02558,EX000749,Slide post,金森産業株式会社,200,0,外観、員数,検査基準書 適用型式AC102,杉山,全数,120,1,本社1階,,,,
2026-01-14,2026-01-23,N25-02558,EX000779,Ball_valve_mount,金森産業株式会社,400,0,外観、員数,検査基準書 適用型式AC102,杉山,全数,160,1,本社1階,,,,
2026-01-14,2026-01-23,N25-02558,EX000825,Nozzle mount,金森産業株式会社,250,0,外観、員数,検査基準書 適用型式AC102,杉山,全数,60,1,本社1階,,,,
2026-01-14,2026-01-26,N25-02558,EX000747,Slide Rail,金森産業株式会社,400,0,外観、員数,検査基準書 適用型式AC102,杉山,全数,190,1,本社1階,,,,
2026-01-14,2026-01-26,N25-02558,EX000749,Slido post,金森産業株式会社,600,0,外観、員数,検査基準書 適用型式AC102,杉山,全数,220,1,本社1階,,,,
2026-01-23,2026-02-04,N25-02526,EX002549-12,サーボホルダ（AC20）,北村化学産業㈱,300,0,員数,検査成績書有り,杉山,全数,75,1,本社1階,,20本／袋詰め作業含む,,
2026-01-26,2026-01-30,N25-02526,EX002559-11,コネクタロックA,北村化学産業㈱,350,0,外観、員数,検査成績書有り,杉山,全数,150,1,本社1階,,10本／袋詰め作業含む,,
2026-01-26,2026-02-02,N25-02526,EX002560-12,コネクタロックB,北村化学産業㈱,350,0,外観、員数,検査成績書有り,杉山,全数,150,1,本社1階,,10本／袋詰め作業含む,,
2026-01-26,2026-02-02,N25-02526,EX000807-21,Condition LED Base,北村化学産業㈱,350,0,外観、員数,検査成績書有り,杉山,全数,45,1,本社1階,,,,
2026-02-02,2026-02-06,N25-02818,EX000749,スライドポスト,金森産業（株）,1600,0,外観　員数,検査基準書 適用型式AC102,杉山,外観全数,240,1,本社3階,,8個／袋詰め作業含む,,
2026-02-06,2026-02-09,N25-02326,EX000743-15,Arm fixed holder,北村化学産業㈱,591,0,外観、員数、寸法,"検査基準書 適用型式AC102,受入検査作業集計 V1.3_追記",杉山,"外観全数,寸法32個",240,,本社3階,,検査数１２５個から３２個に変更（石原さん、西浦さん了解済),,
,46069,NS25-02979,EX000935,カバー_cover_4(2),金森産業（株）,200,0,"外観,員数",検査基準書 適用型式AC101P13,杉山,外観全数,80,1,本社1階,,,,
,2026-02-16,N25-02820,EX002842-01,GPS mount (AC102),深沢製作所,200,0,"外観,員数","検査基準書 適用型式AC102,1/28より新検査基準による",杉山,外観全数,50,1,本社1階,,,,
,2026-02-17,N25-02039,EX000941-11,誘導板,深沢製作所,400,0,外観,検査基準書 適用型式AC102,杉山,外観全数,90,1,本社1階,,10本／袋のシール封印含む,,
2026-02-17,2026-02-18,N25-02999,EX000936,motor cover 3,金森産業株式会社,200,0,外観,検査基準書 適用型式AC102,杉山,全数,120,1,本社1階,,,,
2026-02-17,2026-02-18,N25-02999,EX000938,unit housing_1_5,金森産業株式会社,200,0,"外観,員数",検査基準書 適用型式AC102,杉山,全数,80,1,本社1階,,,,
2026-02-06,2026-02-19,N25-02326,EX000743-15,Arm fixed holder,北村化学産業㈱,379,0,外観、員数、寸法,"検査基準書 適用型式AC102,受入検査作業集計 V1.3_追記",杉山,"外観全数,寸法20個",160,,本社3階,,,,
2026-02-19,2026-02-24,N25-03080,EX002607-01,イヤークランプ_16700010013.3-706R,株式会社大里,400,0,員数,,杉山,全数,40,,本社1階,,10本／袋のシール封印含む,,
2026-03-03,2026-03-05,N25-02363,EXA000028-11,Skid Assy,ANHUI ARTS&CRAFTS IMP&EXP CO.LTD,200,0,外観寸法,"検査基準書 適用型式AC102,受入検査作業集計 V1.3_追記",杉山,全数,200,,本社地下１階,,５０本抜き取り（ピンゲージ、治具使用）,,
2026-03-03,,N25-02363,EXA000027-11,Leg Assy,ANHUI ARTS&CRAFTS IMP&EXP CO.LTD,,0,外観寸法,"検査基準書 適用型式AC102,受入検査作業集計 V1.3_追記",杉山,全数,,,本社地下１階,,５０本抜き取り（ピンゲージ、治具使用）,,
,2026-03-16,N25-02819,EXA000102-02,FPV Assy (BB102),エントラスト株式会社,60,0,"外観,員数",検査基準書 適用型式BB102,杉山,全数,80,,本社1階,,,,
,2026-03-16,N25-02363,EXA000029-11,Boom Assy,ANHUI ARTS&CRAFTS IMP&EXP CO.LTD,200,0,外観寸法,検査基準書 適用型式AC102,杉山,全数,90,,本社地下１階,,,,
,46098,N25-03166,EX002545-11,FC Carrier Upper Case,北村化学/サンリード,500,0,"外観,員数","検査基準書 適用型式AC102,検査基準書 適用型式AC102,受入検査作業集計 V1.3より員数のみ",杉山,全数,60,1,本社1階,,,,
,46098,N25-03166,EX002546-11,FC Carrier Lower Case,北村化学/サンリード,500,0,"外観,員数","検査基準書 適用型式AC102,検査基準書 適用型式AC102,受入検査作業集計 V1.3より員数のみ",杉山,全数,60,1,本社1階,,,,
,,,,,,,,,,,,,,,,,,
,,,,,,14944,,,,,,,,,,,,
,,,,,,,,,,,,,,,,,,
,,,,,,,,,,,,,,,,,,
,,,,,,,,,,,,,,,,,,
,,,,,,,,,,,,,,,,,,
,,,,,,,,,,,,,,,,,,
